PVOUT_csi,DNI,GHI,DIF,GTI_opta,OPTA,TEMP,ELE
1787.5709228515625,2022.9921875,2012.8671875,723.1640625,2264.53125,32,21.375,6
